{"train_loss": [1.6166924157823834, 0.8428694573811122, 0.641442065556844, 0.48499840268634614, 0.3766515399955568, 0.2836864170290175, 0.21931080534912292, 0.15889925962118875, 0.11250181633234024, 0.08391806870698928, 0.05799091072309585, 0.041266749810604825, 0.030804760291462854, 0.027392684374536787, 0.023386135399341583], "train_acc": [0.5816190476190476, 0.752547619047619, 0.8077619047619048, 0.851, 0.8815952380952381, 0.91, 0.9309285714285714, 0.9504523809523809, 0.9663095238095238, 0.9752142857142857, 0.9840476190476191, 0.9884761904761905, 0.9921428571428571, 0.9932380952380953, 0.9946190476190476], "val_loss": [0.9885115427970886, 0.9998961620330811, 0.8970699367523194, 0.8549970209598541, 0.8569991018772125, 0.8752027807235718, 0.8472680308818817, 0.8041279227733612, 0.8147983331680297, 0.8056561889648437, 0.8059062476158142, 0.8016346855163574, 0.7939234707355499, 0.8057392253875733, 0.7691857690811157], "val_acc": [0.714875, 0.7055, 0.74525, 0.7655, 0.763375, 0.765125, 0.77475, 0.785375, 0.7925, 0.79575, 0.804625, 0.806375, 0.810875, 0.808, 0.817125], "test_acc": 0.8307}