{"train_loss": [3.950653289068313, 3.381742075965518, 3.107924290974935, 2.9422672391619002, 2.8184359463282993, 2.7193106921968004, 2.642523638225737, 2.5775400067283996, 2.516896561213902, 2.4732867656889415, 2.425899312700544, 2.384859227498372, 2.3475680612836567, 2.309307923453195, 2.296905037925357, 2.2591211022876556, 2.231462696438744, 2.220687400091262, 2.1953548700241816, 2.162126343136742], "train_acc": [0.09309523809523809, 0.18185714285714286, 0.2347142857142857, 0.26502380952380955, 0.29095238095238096, 0.31214285714285717, 0.32442857142857146, 0.33680952380952384, 0.35119047619047616, 0.35828571428571426, 0.36814285714285716, 0.37814285714285717, 0.38335714285714284, 0.3922380952380952, 0.3958809523809524, 0.40245238095238095, 0.4067142857142857, 0.4120714285714286, 0.41359523809523807, 0.4205714285714286], "val_loss": [3.4495568199157716, 3.0938055896759034, 2.8505878620147707, 2.771250207901001, 2.65473113822937, 2.5682772216796876, 2.505084119796753, 2.478937883377075, 2.418339475631714, 2.375961452484131, 2.3423974466323854, 2.35520725440979, 2.291259504318237, 2.3216381673812867, 2.3134775037765505, 2.2760511798858643, 2.235217134475708, 2.235191462516785, 2.249547088623047, 2.2094271030426027], "val_acc": [0.171625, 0.23725, 0.281375, 0.31, 0.328375, 0.3455, 0.3575, 0.3635, 0.375875, 0.392, 0.400125, 0.391375, 0.408375, 0.404, 0.39925, 0.4095, 0.422875, 0.420375, 0.413375, 0.423], "test_acc": 0.451}
