{"train_loss": [3.395798189072382, 2.759578068324498, 2.5135024561200825, 2.3527237548828124, 2.2257086528596424, 2.024010305858794, 1.9441094338553293, 1.8880621981847854, 1.8228983157475789, 1.7751595435369583, 1.6761938269478933, 1.63810487474714, 1.5994630894433883, 1.5742170571826752, 1.550316037586757, 1.5023908695039294, 1.4792246749060494, 1.461947707675752, 1.4465575698216757, 1.4274758122762043], "train_acc": [0.18411904761904763, 0.302, 0.35273809523809524, 0.38921428571428573, 0.4139047619047619, 0.4597857142857143, 0.4804285714285714, 0.4928571428571429, 0.5047380952380952, 0.518, 0.5397380952380952, 0.5471666666666667, 0.5606428571428571, 0.5654047619047619, 0.5724761904761905, 0.583047619047619, 0.587452380952381, 0.5915952380952381, 0.5967857142857143, 0.5983809523809523], "val_loss": [2.8246961898803713, 2.4774242038726806, 2.3459857778549194, 2.232797113418579, 2.1506681060791015, 2.007762378692627, 1.948225591659546, 1.935124366760254, 1.9118354110717772, 1.8656477336883546, 1.810834038734436, 1.792863257408142, 1.7872125215530394, 1.7638635416030883, 1.7665820789337159, 1.741244649887085, 1.750889225959778, 1.728725009918213, 1.7347548456192017, 1.7152374238967896], "val_acc": [0.29675, 0.3715, 0.39525, 0.416125, 0.4355, 0.46925, 0.48175, 0.485625, 0.488125, 0.50475, 0.517875, 0.51975, 0.52025, 0.530125, 0.525625, 0.534, 0.536125, 0.5375, 0.535875, 0.5415], "test_acc": 0.5653}
