{"train_loss": [3.4574196708315896, 2.731112632751465, 2.393695407504127, 2.1760132731483095, 2.026323991321382, 1.8983209520067488, 1.7842567529224214, 1.6883441331045967, 1.5867093157995316, 1.5137810238429479, 1.4313318179902577, 1.3532267581394741, 1.2863120668502082, 1.2419865579150973, 1.1876112718128022, 1.1328141181128366, 1.1094409932409015, 1.072094927969433, 1.0625346725554694, 1.0545157776787168], "train_acc": [0.1748095238095238, 0.30804761904761907, 0.37461904761904763, 0.42219047619047617, 0.4524761904761905, 0.48547619047619045, 0.5099761904761905, 0.5321904761904762, 0.5565, 0.574, 0.5916190476190476, 0.6146190476190476, 0.6312142857142857, 0.6414047619047619, 0.6581904761904762, 0.6695476190476191, 0.6765, 0.6880714285714286, 0.6895476190476191, 0.6928333333333333], "val_loss": [3.0973063564300536, 2.5361550397872925, 2.2665065774917603, 2.0604129333496095, 1.9702935409545899, 1.9113439769744873, 1.863332579612732, 1.752971559524536, 1.6850753326416015, 1.6791503982543945, 1.6721951084136963, 1.552021577835083, 1.5553746633529664, 1.5306829023361206, 1.5151426410675048, 1.4826464333534242, 1.4765621194839478, 1.483166081428528, 1.4620988426208497, 1.4677951011657715], "val_acc": [0.233625, 0.3435, 0.4045, 0.45025, 0.472, 0.488375, 0.491875, 0.52225, 0.533375, 0.544375, 0.54425, 0.571875, 0.57325, 0.578, 0.582375, 0.58875, 0.590125, 0.594375, 0.598375, 0.596125], "test_acc": 0.6174}
